id,title,score,num_comments,created_utc,url
vg1q2d,What's a middle life crisis for people who could never afford a sports car?,7872,4482,2022-06-19 18:45:56,https://www.reddit.com/r/AskReddit/comments/vg1q2d/whats_a_middle_life_crisis_for_people_who_could/
vfxpph,What unimpressive things are people idiotically proud of?,27974,17975,2022-06-19 15:32:43,https://www.reddit.com/r/AskReddit/comments/vfxpph/what_unimpressive_things_are_people_idiotically/
vfq7z9,What's a modern day scam that's become normalized and we don't realize it's a scam anymore?,51613,30760,2022-06-19 07:57:01,https://www.reddit.com/r/AskReddit/comments/vfq7z9/whats_a_modern_day_scam_thats_become_normalized/
vftsge,What is the main stereotype about your country?,5462,6533,2022-06-19 12:08:41,https://www.reddit.com/r/AskReddit/comments/vftsge/what_is_the_main_stereotype_about_your_country/
vfxrxk,[Serious]: Who is the most evil person youâ€™ve ever met?,1518,844,2022-06-19 15:35:43,https://www.reddit.com/r/AskReddit/comments/vfxrxk/serious_who_is_the_most_evil_person_youve_ever_met/
vfyy54,What do you find oddly attractive?,1172,1808,2022-06-19 16:31:42,https://www.reddit.com/r/AskReddit/comments/vfyy54/what_do_you_find_oddly_attractive/
vg321p,"If you could multiply anything by 10x, what would it be?",326,840,2022-06-19 19:49:43,https://www.reddit.com/r/AskReddit/comments/vg321p/if_you_could_multiply_anything_by_10x_what_would/
vg5bx0,What is a dead giveaway that someone is a toxic person?,226,362,2022-06-19 21:37:21,https://www.reddit.com/r/AskReddit/comments/vg5bx0/what_is_a_dead_giveaway_that_someone_is_a_toxic/
vfuy7e,"Teachers of Reddit, what's the funniest thing a student has ever said to you?",983,598,2022-06-19 13:14:14,https://www.reddit.com/r/AskReddit/comments/vfuy7e/teachers_of_reddit_whats_the_funniest_thing_a/
vg6s8i,Why do you think Trump has so many die-hard supporters?,115,613,2022-06-19 22:48:10,https://www.reddit.com/r/AskReddit/comments/vg6s8i/why_do_you_think_trump_has_so_many_diehard/
